claim_id	date	short_name	exact_claim_scope	primary_class	depends_on_adopted_or_open	domain_scope	current_status	premises	source_anchor	audit_or_replay	proves	does_not_prove	current_role	zenodo_v1_status	successor_or_next_gate	review_state
UNT-FND-G2-IDENTITY	2026-08-18	G2 record-level gravity identity	Gravity at record level is identified by definition with first homology and its intersection form	SUPERSEDED	not_applicable	no	withdrawn as a physical identification	definition only	GRAVITY_DEFINED_V001.md:1-20	LANE_G2_GRAVITY_DEF/SEALS.sha256	Historical vocabulary and motivation	That nature identifies this object with gravity; local metric; dynamics; curvature response	Retain only as history and warning against proof by definition	SUMMARY_ONLY_VIA_REGISTER	THIRD_TERM_V001.md and later record-first program	seeded
UNT-FND-G2-GB	2026-08-18	G2 Gauss-Bonnet record-count relation	For a closed connected orientable surface whose record capacity is identified with dim H1, that capacity equals 2 minus integrated Gaussian curvature divided by 2 pi	EXACT_DERIVED	no	yes: closed connected orientable surface and capacity defined as dim H1	valid bounded topology lemma	closed orientability; homology identities; Gauss-Bonnet; capacity definition	GRAVITY_DEFINED_V001.md:24-44	LANE_G2_GRAVITY_DEF/g2_gaussbonnet.py; LANE_G2_GRAVITY_DEF/SEALS.sha256	An exact nonlocal relation between a defined topological capacity and integrated two-dimensional Gaussian curvature	Local or dynamical curvature; matter back-reaction; spacetime Ricci curvature; gravity	Foundational topology correspondence with strict ceiling	SUMMARY_ONLY_VIA_REGISTER	Use the corrected G7 index law and derive native finite geometry separately	adjudicated
UNT-FND-G7-INDEX	2026-08-18	G7 capacity-index correction	For any finite chain complex, dim H1 equals dim H0 plus dim H2 minus Euler characteristic; the earlier 2 minus chi expression is only the closed connected orientable surface special case	EXACT_DERIVED	no	yes: finite chain-complex hypotheses	valid corrected topology foundation	Euler-Poincare identity; declared chain complexes	REGISTER_V001.md:4990-5036	LANE_G7_INDEX/g7_index.txt	The corrected analytic topology index law; the five-carrier replay verifies it and supplies the disk counterexample to an unrestricted 2 minus chi rule	That homological capacity is physical curvature or gravity	Corrected successor to the narrow G2 counting rule	SUMMARY_ONLY_VIA_REGISTER	Include as corrected provenance before any G2 corollary	adjudicated
UNT-FND-X2-FIXED-COMPLEX	2026-08-18	X2 fixed-complex obstruction	Euler characteristic is a construction parameter and has no internal equation of motion in the fixed-complex model	NEGATIVE	not_applicable	no	valid route-closing obstruction	fixed cell complex and operators acting within its Hilbert space	REGISTER_V001.md:4829-4841	LANE_X2_BACKREACTION/x2_backreaction.py; LANE_X2_BACKREACTION/SEALS.sha256	The G2 topology route cannot provide content-driven geometry within that fixed complex	That no other record-based parent can have geometry or back-reaction	Closes the original G2 back-reaction shortcut	SUMMARY_ONLY_VIA_REGISTER	Use a parent with a derived dynamical relational/metric object	seeded
UNT-FND-H9-CRITERION	2026-08-19	H9 record-path holonomy criterion	A proposed record-level curvature criterion is path-dependent transport mismatch; a writer-operator commutator is the wrong object	DEFINITION	not_applicable	no	valid record-level method correction; no positive curvature result	prospective record-path criterion and wrong-object correction	REGISTER_V001.md:7331-7367; REGISTER_V001.md:7719-7760	STATUS_LEDGER_V001.md:33	Which record-level observable a path-holonomy curvature test would need to measure	That a connection or transport law is physically selected; that record curvature occurs; gravity	Methods/history constraint preceding the carrier-specific H14/H15 test	SUMMARY_ONLY_VIA_REGISTER	Retain with the wrong-object correction and distinguish it from H14 carrier selection	adjudicated
UNT-FND-H14-CARRIER-SELECTION	2026-08-19	H14 carrier-holonomy observable selection	The corrected finite carrier test selects carrier transport and plaquette holonomy rather than the writer commutator as its curvature observable	DEFINITION	not_applicable	no	valid carrier-specific method selection; no positive curvature result	declared finite carrier and transport rule	REGISTER_V001.md:7780-7812	STATUS_LEDGER_V001.md:33	Which carrier observable is interrogated by the corrected H15 test	That the carrier is native record geometry; that its holonomy couples to records; nonabelian or continuum curvature; gravity	Methods/history constraint between H9 and H15	SUMMARY_ONLY_VIA_REGISTER	Any future graph curvature must state whether it supplements, instantiates, or supersedes this carrier-specific test	adjudicated
UNT-FND-H15-HOLONOMY	2026-08-19	H15 carrier holonomy independence	On the tested finite 2 by 2 Z2 toric carrier, record content and plaquette holonomy are independent in both directions	NEGATIVE	not_applicable	yes: tested finite Z2 toric carrier	valid corrected finite no-coupling result	toric-code carrier; plaquette holonomy curvature candidate; even-flux constraint	REGISTER_V001.md:7816-7868	LANE_H15_CARRIER/h15b_flux.py; LANE_H15_CARRIER/h15b_flux.txt; LANE_H15_CARRIER.sha256	The tested finite Z2 plaquette-holonomy candidate does not supply a record-to-curvature source law	A universal or nonabelian no-go; continuum curvature; RGRL; gravity	Retain as a negative control for the tested Z2 plaquette-holonomy shortcut; identify the first forbidden one-flux attempt as corrected	SUMMARY_ONLY_VIA_REGISTER	Test a parent-selected native record relation; do not generalize this finite Z2 result into a universal holonomy no-go	adjudicated
UNT-FND-PMICS	2026-08-29	PMICS kinematic curvature symbol	On the declared flat reference or local principal-symbol domain, the q4 pair-memory tangent has an exact rank-three nonzero-momentum quotient into one scalar and two tidal intrinsic-curvature directions	EXACT_DERIVED	no	flat-reference or local principal-symbol domain	valid at stated kinematic ceiling; theorem-header custody status needs reconciliation with later passing hostile audit	pair-memory metric-tangent isomorphism; flat slice; nonzero Fourier momentum	LANE_CROSS_RFT_GRA_GJ_Q4_PAIR_MEMORY_INTRINSIC_CURVATURE_SYMBOL_V001/THEOREM.md:65-90; LANE_CROSS_RFT_GRA_GJ_Q4_PAIR_MEMORY_INTRINSIC_CURVATURE_SYMBOL_V001/THEOREM.md:110-184; LANE_CROSS_RFT_GRA_GJ_Q4_PAIR_MEMORY_INTRINSIC_CURVATURE_SYMBOL_V001/THEOREM.md:244-269	LANE_CROSS_RFT_GRA_GJ_Q4_PAIR_MEMORY_INTRINSIC_CURVATURE_SYMBOL_V001/INDEPENDENT_HOSTILE_AUDIT/INDEPENDENT_HOSTILE_AUDIT.md:90	An exact kinematic gauge-quotient mode census and intrinsic-curvature-symbol capacity of the candidate six-component tangent	That the candidate tangent is a physical metric; graph-native curvature; four-dimensional Ricci scalar; curvature dynamics; gravity; RGRL; F3 realization; G	Load-bearing bounded kinematic lemma; not premise discharge	OMITTED	Reconcile custody status, then derive the physical same-parent solder, dynamics, Ward packet, and lineage ancestry	adjudicated_needs_status_reconciliation
UNT-FND-PMICS-PHYSICAL	2026-08-29	PMICS physical-curvature implication	If the adopted RGRL pair-memory-to-metric identification is physically realized, the PMICS symbol supplies the intrinsic-curvature principal-symbol capacity of that realized candidate tangent	EXACT_DERIVED	yes	adopted RGRL physical interpretation of the PMICS tangent	valid exact implication inside adopted RGRL; physical antecedent remains open	PMICS kinematic theorem; adopted RGRL-B physical realization	LANE_CROSS_RFT_GRA_GJ_Q4_PAIR_MEMORY_INTRINSIC_CURVATURE_SYMBOL_V001/THEOREM.md:244-269; GRAVITY_RGRL_ADOPTION_V001.md:24-51	LANE_CROSS_RFT_GRA_GJ_Q4_PAIR_MEMORY_INTRINSIC_CURVATURE_SYMBOL_V001/INDEPENDENT_HOSTILE_AUDIT/INDEPENDENT_HOSTILE_AUDIT.md:90; GRAVITY_RGRL_ADOPTION_V001.AUDIT.md:13	Only the conditional transfer from the exact PMICS symbol to an RGRL-realized physical tangent	That nature or the microscopic parent realizes RGRL-B; graph-native curvature; dynamics; Einstein gravity	Conditional interpretation kept separate from the unconditional PMICS kinematic theorem	OMITTED	Discharge D2 with a same-parent physical solder rather than treating the interpretation as evidence	adjudicated
UNT-FND-GL6AV	2026-08-31	GL6AV record-conditioned collective clock	Authenticated retained formation changes the leading pure-loop interaction, yields exact homogeneous time rescaling, and supplies an unjoined typed A1 plus T2 plus E source/read atlas whose physical constitutive join remains open	EXACT_DERIVED	no	yes: isolated leading pure-loop family and declared preparation/source-read qualifications	valid partial same-parent dynamics lemma	GL6AO; GL6AQ; GL6AS; stated finite formation custody	LANE_CROSS_RFT_GRA_GL6AV_RECORD_CONDITIONED_COLLECTIVE_METRIC_BRIDGE_V001/THEOREM.md:10-64; LANE_CROSS_RFT_GRA_GL6AV_RECORD_CONDITIONED_COLLECTIVE_METRIC_BRIDGE_V001/THEOREM.md:66-167; LANE_CROSS_RFT_GRA_GL6AV_RECORD_CONDITIONED_COLLECTIVE_METRIC_BRIDGE_V001/THEOREM.md:210-355	AUDIT_G_GL6AV_RECORD_CONDITIONED_COLLECTIVE_METRIC_BRIDGE_V001/AUDIT.md	Genuine retained-formation dependence of leading collective dynamics, exact clock rescaling, and an algebraically complete typed six-coordinate atlas	The constitutive source/read join; complete conditioned generator; physical cone/metric; stress/Ward; Ricci; gravity	Partial evidence toward causal response and metric solder; ceiling must remain explicit	OMITTED	Derive the source/read join, physical calibration, complete response, and common-metric tests	adjudicated
UNT-FND-GL6BQ	2026-09-02	GL6BQ Ricci boundary	The full authenticated finite S4 orientation orbit leaves a nonzero non-Ricci residual in the declared parent	NEGATIVE	not_applicable	no	author exact negative claim; publication hold because manifest-listed verifier, result, verification, and self-audit files are absent and no distinct hostile audit was located	GL6BO response; authenticated GL6AA/GL6AK frame orbit; GL6BL refinement conditions	LANE_CROSS_RFT_GRA_GL6BQ_AUTHENTICATED_ORIENTATION_REFINEMENT_RICCI_BOUNDARY_V001/THEOREM.md:17-79; LANE_CROSS_RFT_GRA_GL6BQ_AUTHENTICATED_ORIENTATION_REFINEMENT_RICCI_BOUNDARY_V001/THEOREM.md:81-107; LANE_CROSS_RFT_GRA_GL6BQ_AUTHENTICATED_ORIENTATION_REFINEMENT_RICCI_BOUNDARY_V001/THEOREM.md:146-218	LANE_CROSS_RFT_GRA_GL6BQ_AUTHENTICATED_ORIENTATION_REFINEMENT_RICCI_BOUNDARY_V001/MANIFEST.sha256	The current authenticated finite S4 orbit does not earn isotropic Ricci response by frame averaging or scale refinement	That no future parent can produce a Ricci limit; a full Ward/Bianchi result; gravity	Important author-claimed negative constraint; custody and independent audit remain incomplete	HOLD_OMITTED	Restore manifest-listed packet files and independently audit the finite-orbit obstruction	adjudicated_custody_gap
UNT-FND-GL6BQ-DESIGN	2026-09-02	GL6BQ degree-six design sufficiency	If the parent supplies an authenticated orientation distribution matching the required Haar moments through degree six together with the stated refinement conditions, the non-Ricci residual vanishes at the theorem's declared isotropic-response ceiling	EXACT_DERIVED	yes	hypothetical parent-generated degree-six rotational design and stated refinement conditions	author exact conditional theorem; publication hold with the same unresolved packet custody and no distinct hostile audit located	GL6BO response; parent-generated degree-six design; GL6BL refinement conditions	LANE_CROSS_RFT_GRA_GL6BQ_AUTHENTICATED_ORIENTATION_REFINEMENT_RICCI_BOUNDARY_V001/THEOREM.md:146-194	LANE_CROSS_RFT_GRA_GL6BQ_AUTHENTICATED_ORIENTATION_REFINEMENT_RICCI_BOUNDARY_V001/MANIFEST.sha256	Mathematical sufficiency of the stated degree-six design and refinement premises for the declared isotropic-response conclusion	That the current parent supplies the design, physical orientation weights, Ward/Bianchi closure, or gravity	Conditional C3/RGRL-B design route; distinct from the finite S4 negative result	HOLD_OMITTED	Restore and audit the packet, then derive the required orientation distribution from unchanged parent dynamics	adjudicated_custody_gap
UNT-FND-RGRL	2026-08-27	RGRL	The program adopts the law that qualified record lineage realizes causal volume, local metric deformation, and constitutive lineage ancestry	ADOPTED	not_applicable	no	working physical postulate; physical instantiation and empirical confirmation open	program-principal adoption	GRAVITY_RGRL_ADOPTION_V001.md:12-51; GRAVITY_RGRL_ADOPTION_V001.md:53-104	GRAVITY_RGRL_ADOPTION_V001.AUDIT.md	Records the program's adoption and logical status only; it proves no empirical or microscopic proposition	Observational truth; microscopic derivation; common physical metric; Einstein response	Central premise to be discharged, not a completed discovery	OMITTED	Discharge RGRL-A, RGRL-B, and RGRL-C from same-parent evidence	seeded
UNT-FND-RGRL-SRG	2026-08-27	RGRL post-adoption structural theorem	Inside the adopted RGRL axiom system, causal-volume data reconstruct a mathematical metric/Levi-Civita connection and the adopted pair-memory map supplies six-mode deformation ancestry	EXACT_DERIVED	yes	yes: RGRL axiom system	valid exact post-adoption structural implication	adopted RGRL-A through C and named regularity premises	GRAVITY_RGRL_POST_ADOPTION_STRUCTURAL_THEOREM_V001.md:1-128	GRAVITY_RGRL_POST_ADOPTION_STRUCTURAL_THEOREM_V001.AUDIT.md:15	The mathematical structural consequences of RGRL if its antecedents hold	Truth of RGRL; physical common-metric identity; Einstein dynamics	Keep next to the postulate so exact deduction is not confused with empirical proof	INCLUDED	Discharge the underlying RGRL premises from parent dynamics or experiment	adjudicated
UNT-FND-WTC	2026-08-29	Record-first working-theory closure	RGRL plus WTC-H1 through H5 implies the leading Einstein-Hilbert response with coefficient calibrated by observed G	EXACT_DERIVED	yes	yes: adopted RGRL and explicit response hypotheses	valid exact conditional implication	RGRL; common four-dimensional metric-only response; complete Ward/constraint packet; guarded Newton matching	GRAVITY_RECORD_FIRST_WORKING_THEORY_CLOSURE_V001.md:10-46; GRAVITY_RECORD_FIRST_WORKING_THEORY_CLOSURE_V001.md:87-145; GRAVITY_RECORD_FIRST_WORKING_THEORY_CLOSURE_V001.md:350-387	GRAVITY_RECORD_FIRST_WORKING_THEORY_CLOSURE_V001.AUDIT.md	The Einstein-Hilbert form and all ten equations inside the adopted working theory	RGRL; microscopic F3 origin; empirical lineage-gravity link; parameter-free G; derived Lambda	Current conditional macroscopic endpoint	INCLUDED	Discharge WTC common metric, complete stress/constraints, reciprocal back-reaction, and coefficients	seeded
UNT-FND-FINITE-MEMBERSHIP	2026-09-16	Finite L4-L12 bounded membership	Every realized component in the selected finite sectors has its exact lower, bridge, or completed-upper bounded record role under the frozen owner-once admission law	EXACT_DERIVED	no	yes: frozen basis, owner-once history, and admission operators	published exact finite structural theorem	canonical lineage-carrier basis; injective admission; frozen selected sectors	L4_L12_EXTENDIBLE_RECORD_BLOCK_THEOREM_2026-09-16.md:7-25; L4_L12_EXTENDIBLE_RECORD_BLOCK_THEOREM_2026-09-16.md:27-95; L4_L12_EXTENDIBLE_RECORD_BLOCK_THEOREM_2026-09-16.md:97-171; L4_L12_EXTENDIBLE_RECORD_BLOCK_THEOREM_2026-09-16.md:173-216	AUDIT_L4_L12_EXTENDIBLE_RECORD_BLOCK_THEOREM_2026-09-16.md	Exact bounded membership and ancestry roles at L=4,6,8,10,12	Numerical majority mass; probe visibility; continuum continuation; geometry; gravity	Established exact finite input to the adopted Gate	INCLUDED	Preserve its bounded upper endpoint and finite-size ceiling	seeded
UNT-FND-FINITE-MASS-VIS	2026-09-16	Finite L4-L12 mass and visibility	The deduplicated selected-sector mass exceeds 0.50 at each authenticated size and all 13 selected rows have positive authenticated finite probe visibility	COMPUTED	no	no at the declared finite sizes	published authenticated finite computation	frozen numerical reconstructions; deduplication rule; probe validator	L4_L12_EXTENDIBLE_RECORD_BLOCK_THEOREM_2026-09-16.md:218-235; ARGER_GATE_ADOPTION_2026-09-16.md:44-99	AUDIT_L4_L12_EXTENDIBLE_RECORD_BLOCK_THEOREM_2026-09-16.md	The stated finite numerical inequalities at L=4,6,8,10,12	All-L persistence; dynamical z; native geometry; RGRL; WTC; gravity	Established computed inputs to the adopted Gate	INCLUDED	Retain exact values and authentication custody without continuum promotion	seeded
UNT-FND-ARGER-RULE	2026-09-16	Finite ARGER Gate rule	Exact bounded membership plus deduplicated mass above one half plus positive selected-sector visibility receives the project-native finite GFT z=1 classification	ADOPTED	not_applicable	no	project-native classification rule	program adoption	ARGER_GATE_ADOPTION_2026-09-16.md	DEVELOPMENT_R_ARGER_GATE_V001/arger_gate.py	A fixed rule under which a finite input can be classified	A conventional dynamical exponent; gravity; a law of nature	Keep rule and evidence domain separate	INCLUDED	Maintain explicit definition and do not conflate with dynamical z	seeded
UNT-FND-ARGER-APPLICATION	2026-09-16	Finite ARGER Gate application	The authenticated L4-L12 envelope satisfies all premises of the adopted ARGER-GATE-1 rule and therefore receives its finite GFT z=1 classification	EXACT_DERIVED	yes	yes: conditional on the adopted project-native classification rule	valid bounded rule application	UNT-FND-FINITE-MEMBERSHIP; UNT-FND-FINITE-MASS-VIS; UNT-FND-ARGER-RULE	ARGER_GATE_ADOPTION_2026-09-16.md:20-42; ARGER_GATE_ADOPTION_2026-09-16.md:44-99	DEVELOPMENT_R_ARGER_GATE_V001/arger_gate.py	That the finite envelope passes the adopted rule at every authenticated size	A conventional dynamical exponent; all-L theorem; geometry; gravity	Bounded classification result; definition and evidence must remain separate	INCLUDED	Keep separately typed from the LL-P conditional dynamical-z theorem	seeded
UNT-FND-JOINT-WITNESS	2026-09-25	Owner-once joint lineage-carrier witness	The true joint lineage-carrier state is distinguishable from the product of its separate marginals at completed seed sizes; held-out L10/L12 persistence is under active blinded calculation	COMPUTED	no	no at completed seed sizes	L4-L8 seed result; L10/L12 unresolved and blinded	frozen joint witness and matched-product control	DEVELOPMENT_R_OWNER_ONCE_JOINT_LINEAGE_CARRIER_WITNESS_V001/PROTOCOL.md; DEVELOPMENT_R_OWNER_ONCE_JOINT_LINEAGE_PERSISTENCE_FREEZE_V001/BLINDED_SECONDARY_ANALYSIS_FREEZE.md:29-43	DEVELOPMENT_R_OWNER_ONCE_JOINT_LINEAGE_CARRIER_WITNESS_V001/TARGET_WITNESS_SEAL_V001.json	Finite lineage-carrier association not determined by separate marginals at completed sizes	Different future dynamics; native metric or curvature; continuum persistence; gravity	Active B1 evidence lane; do not open partial held-out values	NOT_IN_V1	Atomic reconciliation then frozen persistence/scale adjudication	seeded
UNT-FND-PMSR	2026-08-29	PMSR pair-memory/source reciprocity	Observable q4 pair expectations and the finite commuting pair-sector physical source are mixed derivatives of one generating functional with a conditional rank-six finite-temperature tangent	EXACT_DERIVED	no	yes: commuting Gibbs realization; complete DPAR tangent; finite positive temperature	valid bounded bridge; source header and later hostile-audit status need metadata reconciliation	EW pair-memory family; FU/FT physical strain source; complete noncancelled pair tangent	LANE_CROSS_RFT_GRA_GK_Q4_PAIR_MEMORY_SOURCE_RECIPROCITY_V001/THEOREM.md:11-54; LANE_CROSS_RFT_GRA_GK_Q4_PAIR_MEMORY_SOURCE_RECIPROCITY_V001/THEOREM.md:300-342	LANE_CROSS_RFT_GRA_GK_Q4_PAIR_MEMORY_SOURCE_RECIPROCITY_V001/INDEPENDENT_HOSTILE_AUDIT/INDEPENDENT_HOSTILE_AUDIT.md	A same-parent mathematical reciprocity between observable memory/Fisher deformation and a named physical-source response	The complete noncommuting F3 parent; physical metric solder; gluing; causal cone; Ward identity; gravity	Partial exact support for RGRL-B; full-F3 lift remains open	OMITTED	Derive and audit the noncommuting full-F3 lift with complete source ownership	seeded_needs_status_reconciliation
UNT-FND-SDCP	2026-08-27	SDCP spatial-deformation/constraint propagation	On an already-earned smooth Lorentzian patch, six arbitrary spatial metric variations plus the complete Ward identity and zero initial constraints imply all ten metric residual equations	EXACT_DERIVED	yes	yes: SDCP-P1 through P4	independent hostile audit ACCEPT/CLEAN at the declared conditional ceiling	common Lorentzian patch; complete covariant residual; Ward identity; full spatial functional range; initial constraints	LANE_CROSS_RFT_GRA_EX_SPATIAL_DEFORMATION_CONSTRAINT_PROPAGATION_V001/THEOREM.md:11-54; LANE_CROSS_RFT_GRA_EX_SPATIAL_DEFORMATION_CONSTRAINT_PROPAGATION_V001/THEOREM.md:56-150; LANE_CROSS_RFT_GRA_EX_SPATIAL_DEFORMATION_CONSTRAINT_PROPAGATION_V001/THEOREM.md:251-289	LANE_CROSS_RFT_GRA_EX_SPATIAL_DEFORMATION_CONSTRAINT_PROPAGATION_V001/INDEPENDENT_HOSTILE_AUDIT.md:16	The four missing equations need not be separately varied when the stated complete constraint-propagation premises hold	Physical realization of the metric; pair-memory field lift; common cone; Ward packet from F3; gravity in nature	Exact response-closure lemma used inside WTC; its antecedents remain open to derive	OMITTED	Derive the same-parent functional field lift and complete Ward/constraint custody	adjudicated
UNT-FND-RIEHB	2026-08-26	RIEHB induced Einstein-Hilbert back-reaction	Once a common smooth Lorentzian metric and complete Wilsonian parent are earned, the finite-shell invariant expansion contains the Einstein-Hilbert basis and yields full metric back-reaction when sign, tangent-span, and explicit-force gates pass	EXACT_DERIVED	yes	yes: earned common metric; complete census; positive total Ricci coefficient; dense metric tangent; controlled remainder	valid exact conditional macroscopic mechanism	RIEHB IBP premises and composite-metric rank gate	LANE_CROSS_RFT_MGFT_INDUCED_EH_BACKREACTION_V001/THEOREM.md:9-43; LANE_CROSS_RFT_MGFT_INDUCED_EH_BACKREACTION_V001/THEOREM.md:45-150; LANE_CROSS_RFT_MGFT_INDUCED_EH_BACKREACTION_V001/THEOREM.md:255-283; LANE_CROSS_RFT_MGFT_INDUCED_EH_BACKREACTION_V001/THEOREM.md:285-368	LANE_CROSS_RFT_MGFT_INDUCED_EH_BACKREACTION_V001/INDEPENDENT_HOSTILE_AUDIT.md	A concrete conditional post-geometry mechanism for nonlinear Einstein-Hilbert response and reciprocal back-reaction	Derivation of spacetime; common metric/cone; positive or numerical G from F3; Lambda cancellation/value; empirical realization	Load-bearing conditional endpoint lemma; not a microscopic record-to-geometry proof	OMITTED	Discharge common-metric, complete-stress, coefficient-sign, tangent-span, and ancestry gates	seeded
UNT-FND-RFCD	2026-08-27	RFCD causal diamond	Under the stated two-operation front-merger premises, the finite operational quotient has the exact causal order of a truncated 1 plus 1 Minkowski diamond	EXACT_DERIVED	yes	yes: operational front-merger and mission premises	valid exact finite conditional order theorem	RFCD physical antecedents and complete branch custody	LANE_CROSS_RFT_GRA_EI_RECORD_FRONT_CAUSAL_DIAMOND_V001/THEOREM.md:9-45; LANE_CROSS_RFT_GRA_EI_RECORD_FRONT_CAUSAL_DIAMOND_V001/THEOREM.md:80-125; LANE_CROSS_RFT_GRA_EI_RECORD_FRONT_CAUSAL_DIAMOND_V001/THEOREM.md:190-230	NA	An operationally derived finite directed causal order and a precise higher-rank product-cone obstruction	A selected 3 plus 1 chronology; physical proper time or volume; common probes; continuum; gravity	Exact D1 partial and negative guide	OMITTED	Derive native higher-dimensional cone, event lift, physical calibration, and refinement	adjudicated
UNT-FND-TROV	2026-08-27	TROV terminal-record order/volume bypass	Qualified positive terminal-record influences generate a minimal operational preorder; a partial order follows exactly only when the cross-mission union is acyclic	EXACT_DERIVED	yes	yes: AURFT/U-DCL and terminal-record premises	independent hostile audit ACCEPT/CLEAN at the declared bounded and sharply conditional ceiling	qualified mission set; cross-mission event identities; terminal record instruments	LANE_CROSS_RFT_GRA_FB_TERMINAL_RECORD_ORDER_VOLUME_BYPASS_V001/THEOREM.md:9-39; LANE_CROSS_RFT_GRA_FB_TERMINAL_RECORD_ORDER_VOLUME_BYPASS_V001/THEOREM.md:80-155	LANE_CROSS_RFT_GRA_FB_TERMINAL_RECORD_ORDER_VOLUME_BYPASS_V001/INDEPENDENT_HOSTILE_AUDIT.md:17	Exact directed-influence and minimal-preorder consequences plus countermodels	Causal completeness; global chronology; manifold realization; event count as four-volume	D1 partial with explicit nonimplications	OMITTED	Derive probe completeness, global identity, manifold/refinement, and calibrated volume	adjudicated
UNT-FND-MSCM	2026-08-27	Same-parent multiscale causal measure	Frozen compatible reductions can yield exact support/order coherence and a projective measure; Lorentzian metric reconstruction is conditional on independent manifold, cone, process, and four-volume premises	EXACT_DERIVED	yes	yes: same-parent reductions and M1-M4 premises	valid exact projective-limit theorem with sharply conditional Lorentzian corollary	frozen resolution maps; common probe fronts; calibrated compatible measures	LANE_MGFT_SAME_PARENT_MULTISCALE_CAUSAL_MEASURE_V001/THEOREM.md:1-40; LANE_MGFT_SAME_PARENT_MULTISCALE_CAUSAL_MEASURE_V001/THEOREM.md:117-145; LANE_MGFT_SAME_PARENT_MULTISCALE_CAUSAL_MEASURE_V001/THEOREM.md:225-245; LANE_MGFT_SAME_PARENT_MULTISCALE_CAUSAL_MEASURE_V001/THEOREM.md:305-350	NA	A precise finite-to-projective causal-measure route and exact list of missing Lorentzian conditions	That the present parent supplies a manifold, 3 plus 1 cone, four-volume, or gravity	D1/C3 partial framework whose physical antecedents remain open	OMITTED	Derive the M4 premises from unchanged parent dynamics and independent probes	adjudicated
UNT-FND-RFLCR-CONDITIONAL	2026-08-27	RFLCR direction-refinement theorem	An authenticated scale-refining family of relational directions converges conditionally to the smooth Lorentz cone of the supplied record-family tensor	EXACT_DERIVED	yes	yes: null-step rule and direction-refining family	valid exact conditional local kinematic theorem	authenticated scale-refining directions; supplied positive record-family tensor	GRAVITY_F3_RECORD_FRONT_LORENTZ_CONE_REFINEMENT_THEOREM_V001.md:7-41	NA	The direction-densification component of a local cone construction under explicit assumptions	Microscopic selection of the refinement; manifold gluing; volume; common probes; metric dynamics	Conditional D1/C3 construction	OMITTED	Derive the null-step and refinement law autonomously from the parent	adjudicated
UNT-FND-RFLCR-OBSTRUCTION	2026-08-27	RFLCR fixed-direction obstruction	No fixed finite additive direction set in three relational dimensions converges to a smooth Lorentz cone	NEGATIVE	not_applicable	no	valid exact obstruction	finite direction set and additive append/descent law	GRAVITY_F3_RECORD_FRONT_LORENTZ_CONE_REFINEMENT_THEOREM_V001.md:446-470	NA	The fixed tetrahedral or other finite-ray shortcut cannot supply the continuum light cone	That every refining direction family fails	Route-closing D1/C3 boundary	OMITTED	Require a parent-generated refining direction family rather than inserting one	adjudicated
UNT-FND-FPMH	2026-08-31	Finite pair-memory handoff	A content-blind finite writer and reversible matched KEEP/BREAK routing produce an exact finite physical support contrast with complete custody	EXACT_DERIVED	no	yes: finite mission model and inherited record qualifications	valid exact finite model witness	FPMH finite device; FHBC-to-DCL theorem; declared mission custody	LANE_CROSS_RFT_MGFT_FINITE_PAIR_MEMORY_HANDOFF_V001/THEOREM.md:1-40; LANE_CROSS_RFT_MGFT_FINITE_PAIR_MEMORY_HANDOFF_V001/THEOREM.md:90-125; LANE_CROSS_RFT_MGFT_FINITE_PAIR_MEMORY_HANDOFF_V001/THEOREM.md:150-190	LANE_CROSS_RFT_MGFT_FINITE_PAIR_MEMORY_HANDOFF_V001/INDEPENDENT_HOSTILE_AUDIT.md	A reversible matched finite lineage intervention and support contrast	Laboratory implementation; robust scalable locality; reconstructed metric; gravity	Exact D3 mechanism component	OMITTED	Join prospectively to independent geometry reconstruction and complete collateral controls	adjudicated
UNT-FND-GL6T	2026-08-31	GL6T lineage-gated q4 response	The finite same-parent KEEP arm has an exact nonzero six-pair q4 response while the matched BREAK arm has zero response in the declared model	EXACT_DERIVED	no	yes: frozen finite FPMH/F3 composition and response schedule	independent audit PASS at the declared finite pair-coordinate-response ceiling	finite FPMH lineage gate; q4 response entrance; declared sources and reads	LANE_CROSS_RFT_GRA_GL6T_F3_LINEAGE_GATED_Q4_E2_RESPONSE_V001/THEOREM.md:1-45; LANE_CROSS_RFT_GRA_GL6T_F3_LINEAGE_GATED_Q4_E2_RESPONSE_V001/THEOREM.md:195-240	AUDIT_G_GL6T_F3_LINEAGE_GATED_Q4_E2_RESPONSE_V001/AUDIT.md:85	A finite forward response follows retained lineage in the specified same-parent model	Physical metric calibration; common cone; reciprocal response; continuum; gravity	Exact D2/D3 partial; physical source/read/metric join remains open	OMITTED	Derive the physical source/read/metric join and test a reciprocal future-record channel	adjudicated
UNT-FND-GL6BC	2026-09-01	GL6BC reciprocal lineage obstruction	In the tested finite collar the two retarded old-support response directions are exactly zero and stay zero under the declared refinements even though forward gating is nonzero	NEGATIVE	not_applicable	no	independent hostile audit PASS at the exact schedule-limited negative ceiling	present source-off F3 plus pair-source/read schedule	LANE_CROSS_RFT_GRA_GL6BC_FINITE_COLLAR_RECIPROCAL_LINEAGE_OBSTRUCTION_V001/THEOREM.md:1-35; LANE_CROSS_RFT_GRA_GL6BC_FINITE_COLLAR_RECIPROCAL_LINEAGE_OBSTRUCTION_V001/THEOREM.md:188-215; LANE_CROSS_RFT_GRA_GL6BC_FINITE_COLLAR_RECIPROCAL_LINEAGE_OBSTRUCTION_V001/THEOREM.md:250-280	AUDIT_G_GL6BC_FINITE_COLLAR_RECIPROCAL_LINEAGE_OBSTRUCTION_V001/AUDIT.md:284	Forward lineage gating does not imply reciprocal effect on retained support in this parent	That a future-record writer channel or another parent cannot back-react	D3/E3 route-closing negative result	OMITTED	Test the separately identified future-writer law rather than reusing old support	adjudicated
UNT-FND-RCOS	2026-08-27	RCOS RGRL-B constraint-origin screen	The present projected q4/F3 ice branch supplies one scalar U1 Gauss species, not the independent vector-plus-scalar first-class packet required for RGRL-B	NEGATIVE	not_applicable	yes: current finite projected branch	valid exact finite screen; explicitly not a thermodynamic no-go	projected q4/F3 ice algebra and supplied Maxwell infrared identification	LANE_GRA_FP_F3_Q4_RGRLB_CONSTRAINT_ORIGIN_SCREEN_V001/THEOREM.md:1-40; LANE_GRA_FP_F3_Q4_RGRLB_CONSTRAINT_ORIGIN_SCREEN_V001/THEOREM.md:125-170; LANE_GRA_FP_F3_Q4_RGRLB_CONSTRAINT_ORIGIN_SCREEN_V001/THEOREM.md:300-335	LANE_GRA_FP_F3_Q4_RGRLB_CONSTRAINT_ORIGIN_SCREEN_V001/INDEPENDENT_HOSTILE_AUDIT.md	The current finite/local constraint shortcut does not derive RGRL-B	That no thermodynamic or different parent can derive the required constraint packet	D2/E2 negative boundary	OMITTED	Find or derive a genuine complete constraint origin rather than infer it from mode counts	adjudicated
UNT-FND-RIEC	2026-08-27	RIEC infrared endpoint closure	After adopted RGRL and a fully supplied common-metric endpoint packet, the local metric-only two-derivative response is Einstein-Hilbert with a positive total coefficient calibrated from the endpoint	EXACT_DERIVED	yes	yes: RGRL and EIR endpoint premises	valid exact conditional endpoint classification	common physical metric; healthy universal response; metric-only class; controlled remainder; endpoint calibration	GRAVITY_RGRL_IR_ENDPOINT_CLOSURE_THEOREM_V001.md:1-45; GRAVITY_RGRL_IR_ENDPOINT_CLOSURE_THEOREM_V001.md:250-280; GRAVITY_RGRL_IR_ENDPOINT_CLOSURE_THEOREM_V001.md:385-425; GRAVITY_RGRL_IR_ENDPOINT_CLOSURE_THEOREM_V001.md:605-623	NA	The Einstein-Hilbert form and sign inside the declared response class, plus an exact countermodel showing G is not selected by RGRL	Microscopic G; Lambda; physical RGRL truth; exclusion of extra fields without premises	E4 conditional endpoint and independence boundary	OMITTED	Derive the endpoint premises, G, Lambda status, and corrections from one genealogy or measure them independently	adjudicated
UNT-OBL-D1	2026-09-25	D1 causal-volume realization	Derive one faithful probe-complete 3 plus 1 chronology and calibrated four-volume from unchanged same-parent record dynamics	OPEN	not_applicable	no	not discharged	RFCD/TROV/MSCM partials; RGRL-A presently adopted	UNT_FOUNDATIONAL_PREMISE_DISCHARGE_PROGRAM_V001.md:189-201	NA	NA	No current result supplies all required physical antecedents	Critical premise-discharge gate	NOT_APPLICABLE	Native event lift, global chronology, manifold/refinement, volume and common-probe tests	adjudicated_open
UNT-OBL-D2	2026-09-25	D2 physical local deformation realization	Derive the physical six-mode metric tangent, complete source/stress, temporal-current-contact terms, Ward packet, gluing, and common cone from one parent	OPEN	not_applicable	no	not discharged	PMICS/PMSR/GL6T partials; RCOS and other negative boundaries; RGRL-B presently adopted	UNT_FOUNDATIONAL_PREMISE_DISCHARGE_PROGRAM_V001.md:202-209	NA	NA	Capacity, algebraic rank, and partial response do not supply the complete physical construction	Critical premise-discharge gate	NOT_APPLICABLE	One same-parent physical solder and complete response theorem	adjudicated_open
UNT-OBL-D3	2026-09-25	D3 constitutive lineage ancestry	Show prospectively that independently reconstructed geometry follows matched retained lineage and changes under whole-lineage BREAK/reprepare	OPEN	not_applicable	no	not discharged	FPMH/GL6T positive finite components; GL6BC reciprocal negative; RGRL-C presently adopted	UNT_FOUNDATIONAL_PREMISE_DISCHARGE_PROGRAM_V001.md:211-219	NA	NA	No current result reconstructs physical geometry and makes it follow lineage under the complete collateral ledger	Critical premise-discharge gate	NOT_APPLICABLE	Prospective geometry reconstruction plus matched lineage intervention	adjudicated_open
UNT-OBL-E1	2026-09-25	E1 common physical metric	Show matter, EM, records, clocks, and independent probes use one reconstructed proper-time, transport, principal, and variational metric	OPEN	not_applicable	no	not discharged	conditional and register-level partials; WTC common-metric condition remains an unestablished theorem hypothesis	UNT_FOUNDATIONAL_PREMISE_DISCHARGE_PROGRAM_V001.md:223-227	NA	NA	No current same-parent result establishes the complete common-metric identity	Critical response gate	NOT_APPLICABLE	Independent multi-sector common-metric test with full custody	adjudicated_open
UNT-OBL-E2	2026-09-25	E2 complete stress and constraints	Derive complete conserved stress, ports, contacts, recoil, Ward identity, initial constraints, and propagation from the same parent	OPEN	not_applicable	no	not discharged	SDCP exact implication; partial charge/energy/recoil lanes; WTC complete Ward/constraint condition remains an unestablished theorem hypothesis	UNT_FOUNDATIONAL_PREMISE_DISCHARGE_PROGRAM_V001.md:229-233	NA	NA	Conditional constraint propagation does not derive its physical stress/Ward antecedents	Critical response gate	NOT_APPLICABLE	Complete same-parent source/stress/contact/Ward theorem	adjudicated_open
UNT-OBL-E3	2026-09-25	E3 reciprocal back-reaction	Close one genealogy from records to metric to complete stress and back to future matter, EM, clocks, probes, and record formation	OPEN	not_applicable	no	not discharged	RIEHB conditional loop; finite forward response; GL6BC negative reciprocal route	UNT_FOUNDATIONAL_PREMISE_DISCHARGE_PROGRAM_V001.md:235-241	NA	NA	No microscopic same-genealogy closed loop is established	Critical response gate	NOT_APPLICABLE	Derive or independently justify the reciprocal law and demonstrate the complete loop	adjudicated_open
UNT-OBL-E4	2026-09-25	E4 Einstein endpoint and coefficients	After E1-E3, establish the Einstein-Hilbert endpoint, attraction/sign, G status, Lambda status, controlled corrections, and exclusion of extra leading channels	OPEN	not_applicable	no	not fully discharged	RIEC/RIEHB/WTC conditional endpoint theorems	UNT_FOUNDATIONAL_PREMISE_DISCHARGE_PROGRAM_V001.md:243-253	NA	NA	The form is conditionally classified, but G is calibrated, Lambda is free, and physical inputs/corrections remain open	Critical endpoint gate	NOT_APPLICABLE	Discharge E1-E3 and determine coefficients/remainders without circular fitting	adjudicated_open
UNT-OBL-F	2026-09-25	F independent discrimination	Freeze and test a quantitative prediction not used to choose the framework, graph, normalization, or parameters	OPEN	not_applicable	no	not discharged	completed premise-discharge path and independent comparator	UNT_FOUNDATIONAL_PREMISE_DISCHARGE_PROGRAM_V001.md:255-263	NA	NA	No present result supplies a framework-independent gravity prediction from the full chain	Final scientific discrimination gate	NOT_APPLICABLE	Prospective prediction and empirical or independently held-out test	adjudicated_open
UNT-FND-B1-LINEAGE-ASSOCIATION	2026-09-25	Finite owner-once lineage--carrier association	Independent Target and Hostile calculations reproduce the registered two-sided joint lineage--carrier witness at L10 and L12 beyond numerical resolution	COMPUTED	no	yes: one finite owner-once family at L10 and L12	valid finite association; strict legacy release-timing pass label not claimed	frozen witness; isolated implementations; atomic outputs; registered numerical and null controls	DEVELOPMENT_R_OWNER_ONCE_JOINT_LINEAGE_CARRIER_HELDOUT_RECOGNITION_V001/RESULT.md	validate_recognition.py 50/50; test_recognition.py 8/8	Joint information not determined by the separate carrier and lineage marginals remains resolved through L12	Positive sign; nondeclining scale behavior; all-L persistence; dynamical response; geometry or gravity	Discharges B1 only at the declared finite numerical ceiling	NEXT_RELEASE_INCLUDE	B2 mechanism and B3 scaling remain separately typed	adjudicated
UNT-FND-B1-SIGNED-PERSISTENCE	2026-09-25	Signed positive no-decline persistence test	The pre-unblinding floor f=D8 requires positive no-decline values at L10 and L12; both held-out values are negative and much smaller in magnitude	NEGATIVE	no	yes: frozen L8-to-L12 signed criterion	falsified at both held-out sizes	pre-unblinding floor and interpretation addendum; authenticated L10/L12 outputs	DEVELOPMENT_R_OWNER_ONCE_JOINT_LINEAGE_CARRIER_HELDOUT_RECOGNITION_V001/RESULT.md	validate_recognition.py 50/50	The registered positive no-decline scaling story fails through L12	A particular asymptotic decay law; absence of every joint association; absence of a distinct dynamical mechanism	Route-closing negative result retained beside the finite association	NEXT_RELEASE_INCLUDE	Any B3 rule must be newly frozen and may not relabel this failure	adjudicated_negative
UNT-FND-B2-L4-REVISIT	2026-09-25	L4 autonomous lineage-sensitive continuation	For the frozen L4 checkpoint and one event-zero revisit plus common carrier transport, the actual joint state and same-sector product comparator begin with equal separate marginals but end with carrier trace distance 0.14761185701903007	COMPUTED	no	yes: one L4 checkpoint, symmetric sharp-q dephasing, one fixed continuation	valid finite L4 mechanism result	pinned 495-amplitude checkpoint; same-sector quantum-product comparator; unchanged admission and transport	AUDIT_R_OWNER_ONCE_L4_AUTONOMOUS_LINEAGE_SENSITIVE_CONTINUATION_V001/RESULT.md	independent warning-free no-matmul replay 9/9; packet manifest 12/12	Retained joint lineage changes the next carrier state in a way separate marginals do not determine for this fixed L4 test	Size persistence; thermodynamic response; curvature; geometry; RGRL/WTC; alpha; gravity	Discharges B2 at L4 only and opens B3	NEXT_RELEASE_INCLUDE	Prospectively derive a scalable B3 observable before larger computation	adjudicated
UNT-FND-C2-FORMATION-PATH	2026-09-25	L8 formation-order Ollivier--Ricci association	On the frozen unit path given by the owner-once formation order, node curvature and terminal record concentration have rho=0.1543033499620919 and exact positive-tail permutation probability 0.3619047619047619	NEGATIVE	no	yes: one L8 schedule-derived path and frozen curvature convention	no resolved association at the frozen sensitivity	fixed graph independent of record density; authenticated terminal lineage reconstruction; exhaustive 8-factorial null	DEVELOPMENT_R_L8_LINEAGE_ORDER_OLLIVIER_RICCI_V001/RESULT.md	validate_result.py 119 checks; 14/14 tests; manifest 9/9	The simplest preregistered positive curvature--record association on the formation-order path fails	Absence of richer prospectively derived lineage graphs; continuum Ricci curvature; geometry; gravity	Controlled C2 candidate null; C1 and general C2 remain open	NEXT_RELEASE_INCLUDE	Derive any richer native relation prospectively rather than selecting it to rescue this null	adjudicated_negative
