ID	CLAIM	STATEMENT	STAGE	ANCHORS	NEXT	URM
G-A	THE DEFINITION	What a record IS: the amended clauses (i')-(v') on carrier ⊗ bath, grounded in ~20 real records — and EARNED, not merely fitted	GROUNDED-NOT-EARNED	O-51;C-66;H-3	T-53	DEFINITION layer — ProjectModel.clauses, URM.surface (D-25 gate)
G-B	RECORD FORMATION	How a record comes to be: conditions (weight ≥ d, writer non-commuting), mechanism (conditional-evolution copy), rates, and the encoding-level world laws	WORLD-CONTACT-PARTIAL	G-16;F-13;F-20;C-71;C-72	T-50	FORMATION layer — .configuration, .formation_occupancy, .formation_orientation
G-C	THE RECORD LAWS	How long a record lasts and what it reads: lifetime and steady-value from the record's own mode, the count law k(t_m) — against real instrument data	FORMAL-COMPLETE	C-69;C-70;C-86	T-50	LAWS layer -- .lifetime, .steady_value, .census; count law homed and gated (40/40)
G-D	CLASSICAL/CONTINUUM FIELD-SIDE RECOVERY	Whether Γ's aggregate yields a measurable classical or continuum gravitational field at scale: source-side structure is computed and a field-side instrument is identified, while direct field readout remains open. This is separate from the established finite ARGER Gate formation result.	MEMBER-LEVEL-MATCH	C-77;C-90;C-91;C-92;C-93	T-51;T-49	GEOMETRY plus classes/writing layers -- .distance ... .cert_window, .reachable_class, .writing_*; T-51 classical/continuum field readout remains open
G-E	THE THREE ROLES	EM supplies the complex and the record; Γ supplies space, writer, protection, and channel; generic perturbation alpha sets a local cost, while physical alpha has an exact construction-scoped ALLOW interval and, for same-sector ACTVIS records with independently established governing-domain ancestry under SAI1--SAI8, the domain's empirically anchored coupling/RG trajectory is REQUIRED as constitutive identity; changing alpha changes the governing domain; SELECT remains separate/open	FORMAL-PARTIAL	A-PR;A-AL2;C-71;C-78;C-80;C-87	T-38;T-57	ROLES layer — .roles plus the separately validated 122-check alpha_role_certificate; no single validator establishes the combined role summary as a whole
G-F	URM INTEGRATION AND REPRODUCTION	The process surface for URM integration, whole-history reproduction, evidence custody, and publication; its unfinished process gates do not qualify the completed scientific results carried by G-G and G-H	IN-CONSTRUCTION	C-85;RA-5;RA-6;RA-7;RA-8	T-35;T-18;T-54;T-58	PROCESS/RELEASE surface — the focused relational closure and preparation capsule pass locally; broader URM homing, whole-history external reproduction, and human publication acts remain separately tracked
G-G	GRAVITY FORMATION THEORY	The formation layer is the adopted finite ARGER Gate; its finite record block is the proved evaluation domain, not a separate ARGER mechanism. The later infrared layer is the exact conditional record-first Einstein-response implication under RGRL and WTC-H1-H5, with explicit empirical, microscopic, strict-origin, and numerical-G ceilings	FORMAL-COMPLETE	RA-7;RA-8;GFT-1	T-57	GRAVITY FORMATION layer — finite ARGER Gate plus separately typed conditional dynamical-z=1 and infrared-response certificates
G-H	FINITE RELATIONAL ACCUMULATION	The exact L12 Target/Hostile agreement, exact L4--L12 bounded majority record block, and positive visibility across all 13 selected sectors establish the adopted finite GFT z=1 Gate. The strict common-lineage L08/L10/L12 progression remains a separate diagnostic. L14 is closed incomplete with no scientific result and is not a proof prerequisite.	FORMAL-COMPLETE	RA-1;RA-3;RA-4;RA-5;RA-6;RA-7;RA-8	T-57	RELATIONAL ACCUMULATION layer — relational_accumulation_certificate and validate_relational_accumulation.py; L14 is terminally incomplete
G-I	FOUNDATIONAL RECORD CLOSURE	Universal Coverage-U follows exactly inside the adopted U-DCL physical axiom system; natural U-DCL validity is the adopted falsifiable physical axiom	FORMAL-COMPLETE	URFT-1	T-57	FOUNDATION layer — AURFT theorem/result/audit and 74/74 exact verifier; no outcome-selection, Born-rule, collapse, gravity, or numerical-alpha promotion
