claim_id	category	status	statement	evidence_path	evidence_sha256	ceiling
DSP-C01	definition	proposed	The active/maintenance record split is a proposed scope convention.	EXTERNAL:UNT_DARK_SECTOR_JOINT_PLAN_V001.md	8f4f87aa7080b95a35ee08c6cd84a67cf78f433cdc282188b3d2181ba8fb0409	Unfrozen external proposal only.
DSP-C02	assumption	missing	A horizon rule, physical-volume map, energy per record, pressure/stress map, and gravity closure are necessary model premises.	EXTERNAL:UNT_DARK_SECTOR_JOINT_PLAN_V001.md	8f4f87aa7080b95a35ee08c6cd84a67cf78f433cdc282188b3d2181ba8fb0409	None is established by naming a task.
DSP-C03	analytic theorem	proved_finite	The authenticated record-block theorem applies only to L in {4,6,8,10,12} and withholds continuum/all-L/gravity promotion.	L4_L12_EXTENDIBLE_RECORD_BLOCK_THEOREM_2026-09-16.md	2439e1c36a053fccd57155a858d666f9ecbe0e46ded0a79f3ec3b86cb473f5cc	Finite bounded structure only.
DSP-C04	assumption	adopted_conditional	RGRL is an adopted working axiom for a conditional geometry route.	GRAVITY_RGRL_ADOPTION_V001.md	bca6146dfa2f2a32cea42db43c85c5d5fb1ee7e6114206e321066809e7c0db1f	Adoption is not empirical or microscopic premise discharge.
DSP-C05	conditional consequence	conditional	Post-adoption structural results hold inside the RGRL axiom system.	GRAVITY_RGRL_POST_ADOPTION_STRUCTURAL_THEOREM_V001.md	733b18ecaa29c7acd755db6947b790a9ae37240a3c74d199752d5e278280783d	Common physical metric and positive EH response remain open.
DSP-C06	open	open	An actual-world physical response closure is not present.	FINAL_GRAVITY_ACTUAL_WORLD_CLOSURE_SEARCH_V001.md	0d3ba2eb3ee3fa132e8e4cc21d5dcaaaeafc1b7c05859363fe8a4b652739ca8a	No inferred gravity or cosmology.
DSP-C07	conditional consequence	not_derived	Proposed active and maintenance redshift scalings could be conclusions only after a closed constitutive/conservation derivation.	EXTERNAL:UNT_DARK_SECTOR_JOINT_PLAN_V001.md	8f4f87aa7080b95a35ee08c6cd84a67cf78f433cdc282188b3d2181ba8fb0409	Targets are not results.
DSP-C08	empirical comparison	not_run	The proposed present abundance ratios and survey fits are comparison targets.	EXTERNAL:UNT_DARK_SECTOR_JOINT_PLAN_V001.md	8f4f87aa7080b95a35ee08c6cd84a67cf78f433cdc282188b3d2181ba8fb0409	No likelihood or data analysis was run.
DSP-C09	open	unsupported	The proposed 10^185-record and 10^-61 continuum-error numbers lack a named derivation and error norm in authenticated evidence.	EXTERNAL:UNT_DARK_SECTOR_JOINT_PLAN_V001.md	8f4f87aa7080b95a35ee08c6cd84a67cf78f433cdc282188b3d2181ba8fb0409	Do not quote as a UNT result.
DSP-C10	construction	blocked_input	A target-redacted A0 symbolic closure/identifiability test is the smallest decisive next experiment.	UNT_DARK_SECTOR_JOINT_PLAN_PREREQUISITE_AUDIT_V001/README.md	SELF	Specified but not run because no candidate rule was supplied.
DSP-C11	open	open	A mechanism-specific held-out cosmological discriminator remains absent.	publication/zenodo_reproduction_v001/release_inputs/RELEASE_NOTES.md	1d375eb88b31485c7443192e4850149d01336b114ca2ab5bf3aa5987490a7b06	No dark-sector claim enters the proof surface.

