gate_id	prerequisite	minimum_artifact	current_evidence	status	consequence
DSP-G01	Frozen custody	Canonical target-redacted A0 bytes, serialization rule, register location, parent hash, attempt log, reviewer identity	External draft hash observed but absent from authenticated repository	FAIL	First action before any derivation
DSP-G02	Genuine blindness	Target-redacted derivation packet and independently held comparator seal	Current document prints both proposed abundance targets	FAIL	I2 prohibited for V001 bytes
DSP-G03	Closed record rule	Mutually exclusive/exhaustive active, retained, maintained definitions plus D(t), N(t), transitions, and maintenance law	Tasks only; no rule	MISSING	A0 cannot run
DSP-G04	Count-to-physics map	Physical volume, energy per record, pressure/stress, units, and no-double-counting proof	No map found	MISSING	No density or stress tensor
DSP-G05	Conservation	Component stress tensors and separate conservation or explicit Q^nu with total divergence zero	No cosmological stress tensor found	MISSING	No background evolution
DSP-G06	Noncircular horizon closure	Frozen horizon choice and self-consistent equation when H is also an output	Horizon remains a choice	MISSING	No derived H(a)
DSP-G07	Physical gravity law	Explicit external-GR premise or completed common-metric positive-response packet	RGRL is adopted/conditional; physical response remains open	NO_GO_AS_DERIVED_UNT_GRAVITY	No UNT-derived cosmology
DSP-G08	Finite-to-cosmological bridge	Inter-size maps, controlled continuum limit, event-volume calibration, error theorem	Finite theorem expressly withholds these	MISSING	Finite data cannot be promoted
DSP-G09	Dark-matter microphysics	Production/selection law, collisionless transport, phase space, free streaming, sound speed, anisotropic stress, interactions	Desired outcomes only	MISSING	No DM model
DSP-G10	Dark-energy microphysics	Pressure/equation of state, stability, perturbations, exchange, crossing treatment derived from rule	PPF only proposed as numerical prescription	MISSING	No DE model
DSP-G11	Baryon join	Authenticated record-to-baryon map and abundance selection law	ALLOW/REQUIRE/SELECT discipline forbids inference from allowed counts	MISSING	No baryon/DM ratio prediction
DSP-G12	Initial conditions	Production/initial abundance through BBN/recombination and radiation/baryon coupling	Not stated	MISSING	No cosmological history
DSP-G13	Statistical specification	Exact data releases/hashes, likelihood versions, covariance, priors, nuisances, baselines, trials penalty	Names only	MISSING	No reproducible fit
DSP-G14	Mechanism discriminator	Held-out prediction not generically reproduced by LambdaCDM or w0waCDM	Intent only; no derived observable	MISSING	No ontology-specific evidence

